,price_raw,price_next,price_diff,state,alpha,score,market_yield,adjust_yield
2015-01-05,3641.54,3641.06,-0.48,bb,1.0,0.0,-0.000131821053112,0.0
2015-01-06,3641.06,3643.79,2.73,bb,1.0,0.0,0.000749500711147,0.0
2015-01-07,3643.79,3559.26,-84.53,bb,1.0,0.0,-0.0234716906695,0.0
2015-01-08,3559.26,3546.72,-12.54,bb,1.0,0.0,-0.00352942536213,0.0
2015-01-09,3546.72,3513.58,-33.14,bb,1.0,0.0,-0.00938777201707,0.0
2015-01-12,3513.58,3514.04,0.46,bb,1.0,0.0,0.000130912030149,0.0
2015-01-13,3514.04,3502.42,-11.62,bb,1.0,0.0,-0.0033122145992,0.0
2015-01-14,3502.42,3604.12,101.7,bb,1.0,0.0,0.028623477389,0.0
2015-01-15,3604.12,3635.15,31.03,bb,1.0,0.0,0.00857274007946,0.0
2015-01-16,3635.15,3355.16,-279.99,bb,1.0,0.0,-0.0801509163072,0.0
2015-01-19,3355.16,3396.22,41.06,bl,1.0,0.0,0.012163589146,0.0
2015-01-20,3396.22,3548.89,152.67,bl,1.0,0.0,0.0439718300902,0.0
2015-01-21,3548.89,3567.61,18.72,bl,1.0,0.0,0.00526102527317,0.0
2015-01-22,3567.61,3571.73,4.12,bl,1.0,0.0,0.0011541684406,0.0
2015-01-23,3571.73,3607.99,36.26,bl,1.0,0.0,0.0101007583265,0.0
2015-01-26,3607.99,3574.93,-33.06,bl,1.0,0.0,-0.00920523504322,0.0
2015-01-27,3574.93,3525.32,-49.61,bl,1.0,0.0,-0.0139743832489,0.0
2015-01-28,3525.32,3481.8,-43.52,bl,1.0,0.0,-0.0124218108433,0.0
2015-01-29,3481.8,3434.39,-47.41,bl,1.0,0.0,-0.0137100752353,0.0
2015-01-30,3434.39,3353.96,-80.43,bl,1.0,0.0,-0.0236975889358,0.0
2015-02-02,3353.96,3437.45,83.49,bl,1.0,0.0,0.0245881801609,0.0
2015-02-03,3437.45,3401.77,-35.68,bl,1.0,0.0,-0.010434033034,0.0
2015-02-04,3401.77,3366.95,-34.82,bl,1.0,0.0,-0.0102885943445,0.0
2015-02-05,3366.95,3312.42,-54.53,bl,1.0,0.0,-0.0163282499765,0.0
2015-02-06,3312.42,3345.92,33.5,bl,1.0,0.0,0.0100626530563,0.0
2015-02-09,3345.92,3406.94,61.02,bl,1.0,0.0,0.0180728345889,0.0
2015-02-10,3406.94,3434.12,27.18,bl,1.0,0.0,0.0079461788132,0.0
2015-02-11,3434.12,3442.87,8.75,bl,1.0,0.0,0.00254471933849,0.0
2015-02-12,3442.87,3469.83,26.96,bl,1.0,0.0,0.00780017553003,0.0
2015-02-13,3469.83,3499.48,29.65,bl,1.0,0.0,0.00850878462478,0.0
2015-02-16,3499.48,3522.32,22.84,bl,1.0,0.0,0.0065054773851,0.0
2015-02-17,3522.32,3478.73,-43.59,bl,1.0,0.0,-0.0124525787642,0.0
2015-02-25,3478.73,3566.3,87.57,mb,1.0,0.0,0.0248613591268,0.0
2015-02-26,3566.3,3572.84,6.54,mb,1.0,0.0,0.00183215396517,0.0
2015-02-27,3572.84,3601.26,28.42,mb,1.0,0.0,0.00792298648442,0.0
2015-03-02,3601.26,3507.9,-93.36,mb,1.0,0.0,-0.0262662163941,0.0
2015-03-03,3507.9,3530.82,22.92,ml,1.0,0.0,0.00651257075431,0.0
2015-03-04,3530.82,3496.34,-34.48,ml,1.0,0.0,-0.00981343151755,0.0
2015-03-05,3496.34,3478.52,-17.82,mb,1.0,0.0,-0.00510979109926,0.0
2015-03-06,3478.52,3537.75,59.23,mb,1.0,0.0,0.0168840158806,0.0
2015-03-09,3537.75,3520.61,-17.14,mb,1.0,0.0,-0.00485666179972,0.0
2015-03-10,3520.61,3524.65,4.04,mb,1.0,0.0,0.00114687050381,0.0
2015-03-11,3524.65,3592.84,68.19,mb,1.0,0.0,0.0191618355528,0.0
2015-03-12,3592.84,3617.66,24.82,mb,1.0,0.0,0.00688443187835,0.0
2015-03-13,3617.66,3705.67,88.01,mb,1.0,0.0,0.0240366711206,0.0
2015-03-16,3705.67,3757.12,51.45,mb,1.0,0.0,0.0137886273535,0.0
2015-03-17,3757.12,3846.05,88.93,mb,1.0,0.0,0.0233939411424,0.0
2015-03-18,3846.05,3839.74,-6.31,mb,1.0,0.0,-0.00164199162811,0.0
2015-03-19,3839.74,3892.57,52.83,mb,1.0,0.0,0.0136649518915,0.0
2015-03-20,3892.57,3972.06,79.49,mb,1.0,0.0,0.0202152439435,0.0
2015-03-23,3972.06,3973.05,0.99,mb,1.0,0.0,0.000249209892657,0.0
2015-03-24,3973.05,3940.41,-32.64,mb,1.0,0.0,-0.00824928289209,0.0
2015-03-25,3940.41,3950.0,9.59,mb,1.0,0.0,0.00243080010344,0.0
2015-03-26,3950.0,3971.7,21.7,mb,1.0,0.0,0.00547863571655,0.0
2015-03-27,3971.7,4088.18,116.48,mb,1.0,0.0,0.0289056686136,0.0
2015-03-30,4088.18,4051.2,-36.98,mb,1.0,0.0,-0.00908674971554,0.0
2015-03-31,4051.2,4123.9,72.7,bb,1.0,0.0,0.0177861840304,0.0
2015-04-01,4123.9,4124.78,0.88,bb,1.0,0.0,0.000213367472938,0.0
2015-04-02,4124.78,4170.54,45.76,bb,1.0,0.0,0.0110328387986,0.0
2015-04-03,4170.54,4260.04,89.5,bb,1.0,0.0,0.0212330260789,0.0
2015-04-07,4260.04,4295.8,35.76,bb,1.0,0.0,0.00835925127947,0.0
2015-04-08,4295.8,4262.14,-33.66,bb,1.0,0.0,-0.00786641962313,0.0
2015-04-09,4262.14,4344.42,82.28,bb,1.0,0.0,0.0191208814759,0.0
2015-04-10,4344.42,4421.07,76.65,bb,1.0,0.0,0.0174894851998,0.0
2015-04-13,4421.07,4438.18,17.11,bb,1.0,0.0,0.00386263425761,0.0
2015-04-14,4438.18,4380.51,-57.67,bb,1.0,0.0,-0.0130792265321,0.0
2015-04-15,4380.51,4513.55,133.04,bb,1.0,0.0,0.0299188276061,0.0
2015-04-16,4513.55,4596.14,82.59,bb,1.0,0.0,0.0181328372211,0.0
2015-04-17,4596.14,4521.92,-74.22,bb,1.0,0.0,-0.016280138381,0.0
2015-04-20,4521.92,4619.16,97.24,bb,1.0,0.0,0.0212761879687,0.0
2015-04-21,4619.16,4739.81,120.65,bb,1.0,0.0,0.0257841801345,0.0
2015-04-22,4739.81,4740.89,1.08,bb,1.0,0.0,0.000227831279267,0.0
2015-04-23,4740.89,4702.64,-38.25,bb,1.0,0.0,-0.00810082864658,0.0
2015-04-24,4702.64,4807.59,104.95,bb,1.0,0.0,0.0220718659063,0.0
2015-04-27,4807.59,4741.86,-65.73,bb,1.0,0.0,-0.0137664552549,0.0
2015-04-28,4741.86,4774.33,32.47,bb,1.0,0.0,0.00682418615207,0.0
2015-04-29,4774.33,4749.89,-24.44,bb,1.0,0.0,-0.00513219006795,0.0
2015-04-30,4749.89,4787.74,37.85,bb,1.0,0.0,0.00793702391491,0.0
2015-05-04,4787.74,4596.84,-190.9,bb,1.0,0.0,-0.040689372888,0.0
2015-05-05,4596.84,4553.33,-43.51,bb,1.0,0.0,-0.00951027750072,0.0
2015-05-06,4553.33,4470.09,-83.24,bb,1.0,0.0,-0.0184502907589,0.0
2015-05-07,4470.09,4558.4,88.31,bb,1.0,0.0,0.0195631421105,0.0
2015-05-08,4558.4,4690.53,132.13,bb,1.0,0.0,0.0285738977085,0.0
2015-05-11,4690.53,4747.42,56.89,bb,1.0,0.0,0.0120557301181,0.0
2015-05-12,4747.42,4718.44,-28.98,bb,1.0,0.0,-0.0061230760952,0.0
2015-05-13,4718.44,4700.78,-17.66,mb,1.0,0.0,-0.00374978409952,0.0
2015-05-14,4700.78,4617.47,-83.31,mb,1.0,0.0,-0.0178815163455,0.0
2015-05-15,4617.47,4575.14,-42.33,mb,1.0,0.0,-0.00920963669578,0.0
2015-05-18,4575.14,4731.22,156.08,mb,1.0,0.0,0.0335457980123,0.0
2015-05-19,4731.22,4754.92,23.7,mb,1.0,0.0,0.00499677409595,0.0
2015-05-20,4754.92,4840.98,86.06,mb,1.0,0.0,0.0179373081108,0.0
2015-05-21,4840.98,4951.34,110.36,mb,1.0,0.0,0.0225410674455,0.0
2015-05-22,4951.34,5099.49,148.15,mb,1.0,0.0,0.0294822877132,0.0
2015-05-25,5099.49,5198.92,99.43,mb,1.0,0.0,0.0193103769787,0.0
2015-05-26,5198.92,5181.43,-17.49,bb,1.0,0.0,-0.00336983175924,0.0
2015-05-27,5181.43,4834.01,-347.42,bb,1.0,0.0,-0.0694047289901,0.0
2015-05-28,4834.01,4840.83,6.82,bl,1.0,0.0,0.00140984267019,0.0
2015-05-29,4840.83,5076.18,235.35,bl,1.0,0.0,0.0474728165868,0.0
2015-06-01,5076.18,5161.87,85.69,bl,1.0,0.0,0.0167399067258,0.0
2015-06-02,5161.87,5143.59,-18.28,bl,1.0,0.0,-0.00354763769347,0.0
2015-06-03,5143.59,5181.42,37.83,bl,1.0,0.0,0.00732787072977,0.0
2015-06-04,5181.42,5230.55,49.13,bl,1.0,0.0,0.00943728509313,0.0
2015-06-05,5230.55,5353.75,123.2,bb,1.0,0.0,0.0232808148759,0.0
2015-06-08,5353.75,5317.46,-36.29,bb,1.0,0.0,-0.0068015042154,0.0
2015-06-09,5317.46,5309.11,-8.35,bb,1.0,0.0,-0.00157153281228,0.0
2015-06-10,5309.11,5306.59,-2.52,bb,1.0,0.0,-0.000474768512172,0.0
2015-06-11,5306.59,5335.11,28.52,bb,1.0,0.0,0.00536005869027,0.0
2015-06-12,5335.11,5221.17,-113.94,bb,1.0,0.0,-0.0215879883874,0.0
2015-06-15,5221.17,5064.82,-156.35,bb,1.0,0.0,-0.0304029156472,0.0
2015-06-16,5064.82,5138.83,74.01,bb,1.0,0.0,0.0145068280339,0.0
2015-06-17,5138.83,4930.55,-208.28,bb,1.0,0.0,-0.0413748833989,0.0
2015-06-18,4930.55,4637.05,-293.5,bl,1.0,0.0,-0.0613721555132,0.0
2015-06-19,4637.05,4786.09,149.04,bl,1.0,0.0,0.0316354059719,0.0
2015-06-23,4786.09,4880.13,94.04,bl,1.0,0.0,0.0194580646977,0.0
2015-06-24,4880.13,4706.52,-173.61,bl,1.0,0.0,-0.0362230774161,0.0
2015-06-25,4706.52,4336.19,-370.33,bl,1.0,0.0,-0.0819526990729,0.0
2015-06-26,4336.19,4191.55,-144.64,bl,1.0,0.0,-0.0339254884371,0.0
2015-06-29,4191.55,4473.0,281.45,bl,1.0,0.0,0.0649887305224,0.0
2015-06-30,4473.0,4253.02,-219.98,bl,1.0,0.0,-0.0504300056274,0.0
2015-07-01,4253.02,4108.0,-145.02,bl,1.0,0.0,-0.034693026757,0.0
2015-07-02,4108.0,3885.92,-222.08,bl,1.0,0.0,-0.0555765280445,0.0
2015-07-03,3885.92,3998.54,112.62,bl,1.0,0.0,0.0285695304694,0.0
2015-07-06,3998.54,3928.0,-70.54,bl,1.0,0.0,-0.017798903999,0.0
2015-07-07,3928.0,3663.04,-264.96,bl,1.0,0.0,-0.0698369867442,0.0
2015-07-08,3663.04,3897.63,234.59,bl,1.0,0.0,0.0620752723601,0.0
2015-07-09,3897.63,4106.56,208.93,bl,1.0,0.0,0.0522170189659,0.0
2015-07-10,4106.56,4211.81,105.25,bl,1.0,0.0,0.0253067889685,0.0
2015-07-13,4211.81,4112.15,-99.66,bl,1.0,0.0,-0.0239464779557,0.0
2015-07-14,4112.15,3966.76,-145.39,bl,1.0,0.0,-0.0359963655024,0.0
2015-07-15,3966.76,3997.36,30.6,bl,1.0,0.0,0.00768450263968,0.0
2015-07-16,3997.36,4151.5,154.14,bl,1.0,0.0,0.0378355714959,0.0
2015-07-17,4151.5,4160.61,9.11,bl,1.0,0.0,0.0021919834188,0.0
2015-07-20,4160.61,4166.01,5.4,bl,1.0,0.0,0.00129704508121,0.0
2015-07-21,4166.01,4157.16,-8.85,bl,1.0,0.0,-0.00212659439499,0.0
2015-07-22,4157.16,4250.81,93.65,bl,1.0,0.0,0.022277404187,0.0
2015-07-23,4250.81,4176.28,-74.53,bl,1.0,0.0,-0.017688654871,0.0
2015-07-24,4176.28,3818.73,-357.55,bl,1.0,0.0,-0.0895029915329,0.0
2015-07-27,3818.73,3811.09,-7.64,bl,1.0,0.0,-0.00200266914645,0.0
2015-07-28,3811.09,3930.38,119.29,bl,1.0,0.0,0.030820875857,0.0
2015-07-29,3930.38,3815.41,-114.97,bl,1.0,0.0,-0.0296879838457,0.0
2015-07-30,3815.41,3816.7,1.29,bl,1.0,0.0,0.000338045445436,0.0
2015-07-31,3816.7,3829.24,12.54,bl,1.0,0.0,0.00328017516322,0.0
2015-08-03,3829.24,3948.16,118.92,bl,1.0,0.0,0.0305832975174,0.0
2015-08-04,3948.16,3866.9,-81.26,bl,1.0,0.0,-0.020796495148,0.0
2015-08-05,3866.9,3831.85,-35.05,bl,1.0,0.0,-0.00910543715876,0.0
2015-08-06,3831.85,3906.95,75.1,bl,1.0,0.0,0.0194093031558,0.0
2015-08-07,3906.95,4084.36,177.41,bl,1.0,0.0,0.044408026843,0.0
2015-08-10,4084.36,4066.67,-17.69,bl,1.0,0.0,-0.00434056254829,0.0
2015-08-11,4066.67,4016.13,-50.54,bl,1.0,0.0,-0.0125057303595,0.0
2015-08-12,4016.13,4075.46,59.33,bl,1.0,0.0,0.0146648713741,0.0
2015-08-13,4075.46,4073.54,-1.92,bl,1.0,0.0,-0.000471223471721,0.0
2015-08-14,4073.54,4077.87,4.33,bl,1.0,0.0,0.00106239298655,0.0
2015-08-17,4077.87,3825.41,-252.46,bl,1.0,0.0,-0.0639091421958,0.0
2015-08-18,3825.41,3886.14,60.73,bl,1.0,0.0,0.0157507259924,0.0
2015-08-19,3886.14,3761.45,-124.69,bl,1.0,0.0,-0.0326118557087,0.0
2015-08-20,3761.45,3589.54,-171.91,bl,1.0,0.0,-0.0467804607747,0.0
2015-08-21,3589.54,3275.53,-314.01,bl,1.0,0.0,-0.0915443725307,0.0
2015-08-24,3275.53,3042.93,-232.6,bl,1.0,0.0,-0.0736588210195,0.0
2015-08-25,3042.93,3025.69,-17.24,bl,1.0,0.0,-0.0056817023897,0.0
2015-08-26,3025.69,3205.64,179.95,bl,1.0,0.0,0.0577725937795,0.0
2015-08-27,3205.64,3342.29,136.65,bl,1.0,0.0,0.04174444237,0.0
2015-08-28,3342.29,3366.54,24.25,bl,1.0,0.0,0.00722930991382,0.0
2015-08-31,3366.54,3362.08,-4.46,bl,1.0,0.0,-0.00132568064571,0.0
2015-09-01,3362.08,3365.83,3.75,bl,1.0,0.0,0.00111475937946,0.0
2015-09-02,3365.83,3250.49,-115.34,bl,1.0,0.0,-0.0348688352348,0.0
2015-09-07,3250.49,3334.02,83.53,bl,1.0,0.0,0.025373028903,0.0
2015-09-08,3334.02,3399.3,65.28,bl,1.0,0.0,0.0193907449616,0.0
2015-09-09,3399.3,3357.56,-41.74,bl,1.0,0.0,-0.0123550083776,0.0
2015-09-10,3357.56,3347.19,-10.37,bl,1.0,0.0,-0.00309333182265,0.0
2015-09-11,3347.19,3281.13,-66.06,bl,1.0,0.0,-0.0199333126118,0.0
2015-09-14,3281.13,3152.23,-128.9,bl,1.0,0.0,-0.0400777363838,0.0
2015-09-15,3152.23,3309.25,157.02,bl,1.0,0.0,0.0486114387351,0.0
2015-09-16,3309.25,3237.0,-72.25,bl,1.0,0.0,-0.0220746026676,0.0
2015-09-17,3237.0,3251.27,14.27,bl,1.0,0.0,0.0043987142979,0.0
2015-09-18,3251.27,3308.25,56.98,bl,1.0,0.0,0.017373659429,0.0
2015-09-21,3308.25,3339.03,30.78,bl,1.0,0.0,0.0092609969761,0.0
2015-09-22,3339.03,3263.03,-76.0,bl,1.0,0.0,-0.0230241340849,0.0
2015-09-23,3263.03,3285.0,21.97,bl,1.0,0.0,0.0067104403744,0.0
2015-09-24,3285.0,3231.95,-53.05,bl,1.0,0.0,-0.0162809816944,0.0
2015-09-25,3231.95,3242.75,10.8,bl,1.0,0.0,0.00333606499649,0.0
2015-09-28,3242.75,3178.85,-63.9,bl,1.0,0.0,-0.0199022390725,0.0
2015-09-29,3178.85,3202.95,24.1,bl,1.0,0.0,0.00755276397372,0.0
2015-09-30,3202.95,3296.48,93.53,bl,1.0,0.0,0.0287829723721,0.0
2015-10-08,3296.48,3340.12,43.64,ml,1.0,0.0,0.0131515019749,0.0
2015-10-09,3340.12,3447.69,107.57,ml,1.0,0.0,0.0316977070801,0.0
2015-10-12,3447.69,3445.04,-2.65,bl,1.0,0.0,-0.000768926138284,0.0
2015-10-13,3445.04,3406.11,-38.93,bl,1.0,0.0,-0.0113646377614,0.0
2015-10-14,3406.11,3486.82,80.71,bl,1.0,0.0,0.0234192683898,0.0
2015-10-15,3486.82,3534.07,47.25,bl,1.0,0.0,0.0134600352277,0.0
2015-10-16,3534.07,3534.18,0.11,mb,1.0,0.0,3.11251016895e-05,0.0
2015-10-19,3534.18,3577.7,43.52,mb,1.0,0.0,0.0122388294609,0.0
2015-10-20,3577.7,3473.25,-104.45,mb,1.0,0.0,-0.0296293808006,0.0
2015-10-21,3473.25,3524.53,51.28,mb,1.0,0.0,0.0146563389944,0.0
2015-10-22,3524.53,3571.24,46.71,mb,1.0,0.0,0.0131657803777,0.0
2015-10-23,3571.24,3589.26,18.02,mb,1.0,0.0,0.00503317870024,0.0
2015-10-26,3589.26,3592.88,3.62,mb,1.0,0.0,0.00100805618007,0.0
2015-10-27,3592.88,3524.92,-67.96,mb,1.0,0.0,-0.019096368328,0.0
2015-10-28,3524.92,3533.31,8.39,mb,1.0,0.0,0.00237736768329,0.0
2015-10-29,3533.31,3534.08,0.77,mb,1.0,0.0,0.000217902225021,0.0
2015-10-30,3534.08,3475.96,-58.12,mb,1.0,0.0,-0.0165823110225,0.0
2015-11-02,3475.96,3465.49,-10.47,mb,1.0,0.0,-0.00301666307183,0.0
2015-11-03,3465.49,3628.54,163.05,mb,1.0,0.0,0.0459763267291,0.0
2015-11-04,3628.54,3705.97,77.43,mb,1.0,0.0,0.0211146693349,0.0
2015-11-05,3705.97,3793.37,87.4,mb,1.0,0.0,0.0233097732149,0.0
2015-11-06,3793.37,3840.36,46.99,mb,1.0,0.0,0.0123113061412,0.0
2015-11-09,3840.36,3833.24,-7.12,bb,1.0,0.0,-0.00185571362678,0.0
2015-11-10,3833.24,3833.65,0.41,bb,1.0,0.0,0.000106953406242,0.0
2015-11-11,3833.65,3795.32,-38.33,bb,1.0,0.0,-0.0100486232165,0.0
2015-11-12,3795.32,3746.24,-49.08,mb,1.0,0.0,-0.0130160584592,0.0
2015-11-13,3746.24,3764.13,17.89,mb,1.0,0.0,0.00476408854337,0.0
2015-11-16,3764.13,3758.39,-5.74,mb,1.0,0.0,-0.00152608464026,0.0
2015-11-17,3758.39,3715.58,-42.81,mb,1.0,0.0,-0.0114558844063,0.0
2015-11-18,3715.58,3774.97,59.39,mb,1.0,0.0,0.0158576458435,0.0
2015-11-19,3774.97,3774.38,-0.59,mb,1.0,0.0,-0.000156304847755,0.0
2015-11-20,3774.38,3753.34,-21.04,mb,1.0,0.0,-0.005590020561,0.0
2015-11-23,3753.34,3753.89,0.55,mb,1.0,0.0,0.000146525416428,0.0
2015-11-24,3753.89,3781.61,27.72,mb,1.0,0.0,0.0073572092195,0.0
2015-11-25,3781.61,3759.43,-22.18,mb,1.0,0.0,-0.0058824947114,0.0
2015-11-26,3759.43,3556.99,-202.44,mb,1.0,0.0,-0.0553526685608,0.0
2015-11-27,3556.99,3566.41,9.42,mb,1.0,0.0,0.00264480598901,0.0
2015-11-30,3566.41,3591.7,25.29,mb,1.0,0.0,0.0070661404276,0.0
2015-12-01,3591.7,3721.95,130.25,mb,1.0,0.0,0.0356220964709,0.0
2015-12-02,3721.95,3749.3,27.35,mb,1.0,0.0,0.00732143139926,0.0
2015-12-03,3749.3,3677.59,-71.71,mb,1.0,0.0,-0.0193115095498,0.0
2015-12-04,3677.59,3687.61,10.02,ml,1.0,0.0,0.00272090538798,0.0
2015-12-07,3687.61,3623.02,-64.59,ml,1.0,0.0,-0.0176706195447,0.0
2015-12-08,3623.02,3635.94,12.92,ml,1.0,0.0,0.00355974234416,0.0
2015-12-09,3635.94,3623.08,-12.86,ml,1.0,0.0,-0.00354318171154,0.0
2015-12-10,3623.08,3608.06,-15.02,ml,1.0,0.0,-0.00415426104352,0.0
2015-12-11,3608.06,3711.32,103.26,ml,1.0,0.0,0.0282173767137,0.0
2015-12-14,3711.32,3694.39,-16.93,ml,1.0,0.0,-0.00457215567256,0.0
2015-12-15,3694.39,3685.44,-8.95,ml,1.0,0.0,-0.00242553131654,0.0
2015-12-16,3685.44,3755.89,70.45,ml,1.0,0.0,0.0189353529438,0.0
2015-12-17,3755.89,3767.91,12.02,ml,1.0,0.0,0.00319519663635,0.0
2015-12-18,3767.91,3865.97,98.06,ml,1.0,0.0,0.0256921497189,0.0
2015-12-21,3865.97,3876.73,10.76,ml,1.0,0.0,0.00277939399093,0.0
2015-12-22,3876.73,3866.38,-10.35,mb,1.0,0.0,-0.00267334602352,0.0
2015-12-23,3866.38,3829.4,-36.98,mb,1.0,0.0,-0.00961053580785,0.0
2015-12-24,3829.4,3838.2,8.8,mb,1.0,0.0,0.00229537374504,0.0
2015-12-25,3838.2,3727.63,-110.57,mb,1.0,0.0,-0.0292308637312,0.0
2015-12-28,3727.63,3761.88,34.25,mb,1.0,0.0,0.00914618947265,0.0
2015-12-29,3761.88,3765.18,3.3,mb,1.0,0.0,0.00087683643054,0.0
2015-12-30,3765.18,3731.01,-34.17,mb,1.0,0.0,-0.00911669439198,0.0
2015-12-31,3731.01,3469.07,-261.94,mb,1.0,0.0,-0.0727924279721,0.0
2016-01-04,3469.07,3478.78,9.71,ml,1.0,0.0,0.00279511109818,0.0
2016-01-05,3478.78,3539.81,61.03,ml,1.0,0.0,0.0173913957808,0.0
2016-01-06,3539.81,3294.38,-245.43,ml,1.0,0.0,-0.0718550670241,0.0
2016-01-07,3294.38,3361.56,67.18,ml,1.0,0.0,0.0201871655774,0.0
2016-01-08,3361.56,3192.45,-169.11,bl,1.0,0.0,-0.0516165048474,0.0
2016-01-11,3192.45,3215.71,23.26,bl,1.0,0.0,0.00725952602665,0.0
2016-01-12,3215.71,3155.88,-59.83,bl,1.0,0.0,-0.0187807936744,0.0
2016-01-13,3155.88,3221.57,65.69,bl,1.0,0.0,0.0206014389217,0.0
2016-01-14,3221.57,3118.73,-102.84,bl,1.0,0.0,-0.0324429506972,0.0
2016-01-15,3118.73,3130.73,12.0,bl,1.0,0.0,0.00384033652449,0.0
2016-01-18,3130.73,3223.13,92.4,bl,1.0,0.0,0.0290867329154,0.0
2016-01-19,3223.13,3174.38,-48.75,bl,1.0,0.0,-0.015240599426,0.0
2016-01-20,3174.38,3081.35,-93.03,bl,1.0,0.0,-0.0297445250421,0.0
2016-01-21,3081.35,3113.46,32.11,bl,1.0,0.0,0.0103668353266,0.0
2016-01-22,3113.46,3128.89,15.43,bl,1.0,0.0,0.00494366109734,0.0
2016-01-25,3128.89,2940.51,-188.38,bl,1.0,0.0,-0.0620952733729,0.0
2016-01-26,2940.51,2930.35,-10.16,bl,1.0,0.0,-0.00346116587443,0.0
2016-01-27,2930.35,2853.76,-76.59,bl,1.0,0.0,-0.0264844468029,0.0
2016-01-28,2853.76,2946.09,92.33,bl,1.0,0.0,0.031841444455,0.0
2016-01-29,2946.09,2901.05,-45.04,bl,1.0,0.0,-0.0154061270452,0.0
2016-02-01,2901.05,2961.33,60.28,bl,1.0,0.0,0.0205657513176,0.0
2016-02-02,2961.33,2948.64,-12.69,bl,1.0,0.0,-0.00429444464276,0.0
2016-02-03,2948.64,2984.76,36.12,bl,1.0,0.0,0.0121752945005,0.0
2016-02-04,2984.76,2963.79,-20.97,bl,1.0,0.0,-0.00705048688068,0.0
2016-02-05,2963.79,2946.71,-17.08,bl,1.0,0.0,-0.00577956096575,0.0
2016-02-15,2946.71,3037.04,90.33,bl,1.0,0.0,0.0301940631135,0.0
2016-02-16,3037.04,3063.32,26.28,bl,1.0,0.0,0.00861593826368,0.0
2016-02-17,3063.32,3053.7,-9.62,bl,1.0,0.0,-0.00314532498862,0.0
2016-02-18,3053.7,3051.59,-2.11,bl,1.0,0.0,-0.000691203885157,0.0
2016-02-19,3051.59,3118.87,67.28,bl,1.0,0.0,0.0218079904723,0.0
2016-02-22,3118.87,3089.36,-29.51,bl,1.0,0.0,-0.00950680701508,0.0
2016-02-23,3089.36,3109.55,20.19,ml,1.0,0.0,0.00651407147182,0.0
2016-02-24,3109.55,2918.75,-190.8,ml,1.0,0.0,-0.063322578753,0.0
2016-02-25,2918.75,2948.03,29.28,ml,1.0,0.0,0.00998170823101,0.0
2016-02-26,2948.03,2877.47,-70.56,ml,1.0,0.0,-0.0242257148233,0.0
2016-02-29,2877.47,2930.69,53.22,bl,1.0,0.0,0.0183264543422,0.0
2016-03-01,2930.69,3051.33,120.64,bl,1.0,0.0,0.0403396709592,0.0
2016-03-02,3051.33,3058.42,7.09,bl,1.0,0.0,0.00232088160154,0.0
2016-03-03,3058.42,3093.89,35.47,bl,1.0,0.0,0.0115307560906,0.0
2016-03-04,3093.89,3104.84,10.95,bl,1.0,0.0,0.00353298543083,0.0
2016-03-07,3104.84,3107.67,2.83,bl,1.0,0.0,0.000911064994906,0.0
2016-03-08,3107.67,3071.91,-35.76,bl,1.0,0.0,-0.0115737312807,0.0
2016-03-09,3071.91,3013.15,-58.76,mb,1.0,0.0,-0.0193134748041,0.0
2016-03-10,3013.15,3018.28,5.13,mb,1.0,0.0,0.00170108953832,0.0
2016-03-11,3018.28,3065.69,47.41,mb,1.0,0.0,0.0155855336856,0.0
2016-03-14,3065.69,3074.78,9.09,mb,1.0,0.0,0.00296068758254,0.0
2016-03-15,3074.78,3090.03,15.25,mb,1.0,0.0,0.0049474456168,0.0
2016-03-16,3090.03,3124.2,34.17,mb,1.0,0.0,0.0109974508144,0.0
2016-03-17,3124.2,3171.96,47.76,mb,1.0,0.0,0.0151714429378,0.0
2016-03-18,3171.96,3249.44,77.48,mb,1.0,0.0,0.0241329804501,0.0
2016-03-21,3249.44,3225.79,-23.65,mb,1.0,0.0,-0.00730479231272,0.0
2016-03-22,3225.79,3236.09,10.3,mb,1.0,0.0,0.00318792943328,0.0
2016-03-23,3236.09,3181.85,-54.24,mb,1.0,0.0,-0.0169030222822,0.0
2016-03-24,3181.85,3197.82,15.97,mb,1.0,0.0,0.00500653900841,0.0
2016-03-25,3197.82,3169.73,-28.09,mb,1.0,0.0,-0.00882291688931,0.0
2016-03-28,3169.73,3135.41,-34.32,mb,1.0,0.0,-0.0108864637272,0.0
2016-03-29,3135.41,3216.28,80.87,mb,1.0,0.0,0.0254654651705,0.0
2016-03-30,3216.28,3218.09,1.81,mb,1.0,0.0,0.000562603657465,0.0
2016-03-31,3218.09,3221.89,3.8,mb,1.0,0.0,0.00118012802556,0.0
2016-04-01,3221.89,3264.49,42.6,mb,1.0,0.0,0.0131354044972,0.0
2016-04-05,3264.49,3257.53,-6.96,mb,1.0,0.0,-0.00213430889266,0.0
2016-04-06,3257.53,3209.29,-48.24,mb,1.0,0.0,-0.0149195106144,0.0
2016-04-07,3209.29,3185.73,-23.56,mb,1.0,0.0,-0.00736826674254,0.0
2016-04-08,3185.73,3230.1,44.37,mb,1.0,0.0,0.0138316343736,0.0
2016-04-11,3230.1,3218.45,-11.65,mb,1.0,0.0,-0.00361321930498,0.0
2016-04-12,3218.45,3261.38,42.93,mb,1.0,0.0,0.0132505414878,0.0
2016-04-13,3261.38,3275.83,14.45,mb,1.0,0.0,0.00442085340204,0.0
2016-04-14,3275.83,3272.21,-3.62,mb,1.0,0.0,-0.00110567448238,0.0
2016-04-15,3272.21,3228.45,-43.76,mb,1.0,0.0,-0.0134634517139,0.0
2016-04-18,3228.45,3238.3,9.85,mb,1.0,0.0,0.00304635485137,0.0
2016-04-19,3238.3,3181.03,-57.27,mb,1.0,0.0,-0.0178434570285,0.0
2016-04-20,3181.03,3160.6,-20.43,mb,1.0,0.0,-0.00644316072621,0.0
2016-04-21,3160.6,3174.9,14.3,ml,1.0,0.0,0.00451425279279,0.0
2016-04-22,3174.9,3162.03,-12.87,ml,1.0,0.0,-0.00406190937734,0.0
2016-04-25,3162.03,3179.16,17.13,ml,1.0,0.0,0.00540278454638,0.0
2016-04-26,3179.16,3165.92,-13.24,ml,1.0,0.0,-0.00417331829269,0.0
2016-04-27,3165.92,3160.58,-5.34,ml,1.0,0.0,-0.00168813760157,0.0
2016-04-28,3160.58,3156.75,-3.83,ml,1.0,0.0,-0.00121253772377,0.0
2016-04-29,3156.75,3213.54,56.79,ml,1.0,0.0,0.0178301159022,0.0
2016-05-03,3213.54,3209.46,-4.08,ml,1.0,0.0,-0.00127043454733,0.0
2016-05-04,3209.46,3213.92,4.46,ml,1.0,0.0,0.00138867721254,0.0
2016-05-05,3213.92,3130.35,-83.57,ml,1.0,0.0,-0.0263465565173,0.0
2016-05-06,3130.35,3065.62,-64.73,ml,1.0,0.0,-0.0208949866053,0.0
2016-05-09,3065.62,3069.11,3.49,ml,1.0,0.0,0.00113778450771,0.0
2016-05-10,3069.11,3082.81,13.7,ml,1.0,0.0,0.00445390143159,0.0
2016-05-11,3082.81,3090.14,7.33,ml,1.0,0.0,0.00237487860589,0.0
2016-05-12,3090.14,3074.94,-15.2,ml,1.0,0.0,-0.00493100845367,0.0
2016-05-13,3074.94,3095.31,20.37,ml,1.0,0.0,0.00660267379862,0.0
2016-05-16,3095.31,3086.02,-9.29,ml,1.0,0.0,-0.00300582787025,0.0
2016-05-17,3086.02,3068.04,-17.98,ml,1.0,0.0,-0.0058433135717,0.0
2016-05-18,3068.04,3062.5,-5.54,ml,1.0,0.0,-0.00180734535882,0.0
2016-05-19,3062.5,3078.22,15.72,ml,1.0,0.0,0.00511993197538,0.0
2016-05-20,3078.22,3087.22,9.0,ml,1.0,0.0,0.00291950173633,0.0
2016-05-23,3087.22,3063.56,-23.66,ml,1.0,0.0,-0.00769337114929,0.0
2016-05-24,3063.56,3059.23,-4.33,ml,1.0,0.0,-0.00141438812105,0.0
2016-05-25,3059.23,3064.21,4.98,ml,1.0,0.0,0.00162653707652,0.0
2016-05-26,3064.21,3062.5,-1.71,ml,1.0,0.0,-0.000558211517896,0.0
2016-05-27,3062.5,3066.71,4.21,ml,1.0,0.0,0.00137374985099,0.0
2016-05-30,3066.71,3169.56,102.85,ml,1.0,0.0,0.0329874512717,0.0
2016-05-31,3169.56,3160.55,-9.01,ml,1.0,0.0,-0.00284671390689,0.0
2016-06-01,3160.55,3167.1,6.55,ml,1.0,0.0,0.00207027959494,0.0
2016-06-02,3167.1,3189.33,22.23,ml,1.0,0.0,0.0069945207075,0.0
2016-06-03,3189.33,3178.79,-10.54,ml,1.0,0.0,-0.00331024215138,0.0
2016-06-06,3178.79,3177.05,-1.74,ml,1.0,0.0,-0.000547527956484,0.0
2016-06-07,3177.05,3163.99,-13.06,mb,1.0,0.0,-0.0041192039371,0.0
2016-06-08,3163.99,3066.34,-97.65,mb,1.0,0.0,-0.0313492213702,0.0
2016-06-13,3066.34,3075.98,9.64,mb,1.0,0.0,0.00313888169776,0.0
2016-06-14,3075.98,3116.37,40.39,mb,1.0,0.0,0.0130453132645,0.0
2016-06-15,3116.37,3094.67,-21.7,mb,1.0,0.0,-0.00698758607069,0.0
2016-06-16,3094.67,3110.36,15.69,mb,1.0,0.0,0.00505719825356,0.0
2016-06-17,3110.36,3112.67,2.31,mb,1.0,0.0,0.0007424036542,0.0
2016-06-20,3112.67,3106.32,-6.35,mb,1.0,0.0,-0.00204213295303,0.0
2016-06-21,3106.32,3133.96,27.64,mb,1.0,0.0,0.00885863479036,0.0
2016-06-22,3133.96,3117.32,-16.64,mb,1.0,0.0,-0.00532372227797,0.0
2016-06-23,3117.32,3077.16,-40.16,mb,1.0,0.0,-0.0129665646445,0.0
2016-06-24,3077.16,3120.54,43.38,mb,1.0,0.0,0.0139989700803,0.0
2016-06-27,3120.54,3136.4,15.86,mb,1.0,0.0,0.00506958160624,0.0
2016-06-28,3136.4,3151.39,14.99,mb,1.0,0.0,0.00476797997328,0.0
2016-06-29,3151.39,3153.92,2.53,mb,1.0,0.0,0.000802498254892,0.0
2016-06-30,3153.92,3154.2,0.28,mb,1.0,0.0,8.87744685211e-05,0.0
2016-07-01,3154.2,3204.7,50.5,mb,1.0,0.0,0.0158835841761,0.0
2016-07-04,3204.7,3207.38,2.68,mb,1.0,0.0,0.00083592224553,0.0
2016-07-05,3207.38,3216.8,9.42,mb,1.0,0.0,0.00293267210802,0.0
2016-07-06,3216.8,3209.95,-6.85,mb,1.0,0.0,-0.0021317159043,0.0
2016-07-07,3209.95,3192.28,-17.67,mb,1.0,0.0,-0.00551996565793,0.0
2016-07-08,3192.28,3203.33,11.05,mb,1.0,0.0,0.00345549869213,0.0
2016-07-11,3203.33,3273.18,69.85,mb,1.0,0.0,0.0215710956931,0.0
2016-07-12,3273.18,3282.87,9.69,mb,1.0,0.0,0.00295605038281,0.0
2016-07-13,3282.87,3276.76,-6.11,mb,1.0,0.0,-0.00186291048947,0.0
2016-07-14,3276.76,3276.28,-0.48,mb,1.0,0.0,-0.000146496893307,0.0
2016-07-15,3276.28,3262.02,-14.26,mb,1.0,0.0,-0.00436199703606,0.0
2016-07-18,3262.02,3248.23,-13.79,mb,1.0,0.0,-0.00423640278767,0.0
2016-07-19,3248.23,3237.61,-10.62,mb,1.0,0.0,-0.00327482931777,0.0
2016-07-20,3237.61,3252.52,14.91,mb,1.0,0.0,0.00459467721925,0.0
2016-07-21,3252.52,3225.16,-27.36,mb,1.0,0.0,-0.0084475190815,0.0
2016-07-22,3225.16,3230.89,5.73,mb,1.0,0.0,0.00177507965538,0.0
2016-07-25,3230.89,3269.59,38.7,mb,1.0,0.0,0.0119069537096,0.0
2016-07-26,3269.59,3218.24,-51.35,mb,1.0,0.0,-0.0158299685112,0.0
2016-07-27,3218.24,3221.14,2.9,mb,1.0,0.0,0.000900707893014,0.0
2016-07-28,3221.14,3203.93,-17.21,mb,1.0,0.0,-0.00535715288993,0.0
2016-07-29,3203.93,3176.81,-27.12,mb,1.0,0.0,-0.0085006326254,0.0
2016-08-01,3176.81,3189.05,12.24,mb,1.0,0.0,0.00384551814956,0.0
2016-08-02,3189.05,3193.51,4.46,mb,1.0,0.0,0.00139755857397,0.0
2016-08-03,3193.51,3201.29,7.78,mb,1.0,0.0,0.00243322819745,0.0
2016-08-04,3201.29,3205.11,3.82,mb,1.0,0.0,0.00119255758389,0.0
2016-08-05,3205.11,3234.18,29.07,mb,1.0,0.0,0.00902900707659,0.0
2016-08-08,3234.18,3256.98,22.8,mb,1.0,0.0,0.00702496742192,0.0
2016-08-09,3256.98,3243.34,-13.64,mb,1.0,0.0,-0.00419672262889,0.0
2016-08-10,3243.34,3233.36,-9.98,mb,1.0,0.0,-0.00308181879625,0.0
2016-08-11,3233.36,3294.23,60.87,mb,1.0,0.0,0.0186506090103,0.0
2016-08-12,3294.23,3393.42,99.19,mb,1.0,0.0,0.029665809163,0.0
2016-08-15,3393.42,3378.25,-15.17,mb,1.0,0.0,-0.00448043846711,0.0
2016-08-16,3378.25,3373.05,-5.2,mb,1.0,0.0,-0.00154044436724,0.0
2016-08-17,3373.05,3364.49,-8.56,mb,1.0,0.0,-0.00254098813683,0.0
2016-08-18,3364.49,3365.02,0.53,mb,1.0,0.0,0.000157515183452,0.0
2016-08-19,3365.02,3336.79,-28.23,mb,1.0,0.0,-0.00842463960257,0.0
2016-08-22,3336.79,3341.83,5.04,mb,1.0,0.0,0.00150929412266,0.0
2016-08-23,3341.83,3329.86,-11.97,mb,1.0,0.0,-0.00358830006901,0.0
2016-08-24,3329.86,3308.97,-20.89,mb,1.0,0.0,-0.00629329835128,0.0
2016-08-25,3308.97,3307.09,-1.88,mb,1.0,0.0,-0.000568314087418,0.0
2016-08-26,3307.09,3307.78,0.69,mb,1.0,0.0,0.000208620880683,0.0
2016-08-29,3307.78,3311.99,4.21,mb,1.0,0.0,0.00127194768628,0.0
2016-08-30,3311.99,3327.79,15.8,mb,1.0,0.0,0.00475920281169,0.0
2016-08-31,3327.79,3301.58,-26.21,mb,1.0,0.0,-0.0079072782376,0.0
2016-09-01,3301.58,3314.11,12.53,mb,1.0,0.0,0.00378796920123,0.0
2016-09-02,3314.11,3319.68,5.57,mb,1.0,0.0,0.00167928177074,0.0
2016-09-05,3319.68,3342.63,22.95,mb,1.0,0.0,0.00688952954093,0.0
2016-09-06,3342.63,3340.82,-1.81,mb,1.0,0.0,-0.000541636443528,0.0
2016-09-07,3340.82,3339.56,-1.26,mb,1.0,0.0,-0.000377224054602,0.0
2016-09-08,3339.56,3318.04,-21.52,mb,1.0,0.0,-0.00646481463296,0.0
2016-09-09,3318.04,3262.6,-55.44,mb,1.0,0.0,-0.0168498236306,0.0
2016-09-12,3262.6,3260.33,-2.27,mb,1.0,0.0,-0.00069600627069,0.0
2016-09-13,3260.33,3238.73,-21.6,ml,1.0,0.0,-0.00664713959618,0.0
2016-09-14,3238.73,3263.12,24.39,ml,1.0,0.0,0.0075025152548,0.0
2016-09-19,3263.12,3257.4,-5.72,ml,1.0,0.0,-0.00175446175067,0.0
2016-09-20,3257.4,3266.64,9.24,ml,1.0,0.0,0.00283260255247,0.0
2016-09-21,3266.64,3291.12,24.48,ml,1.0,0.0,0.00746599866778,0.0
2016-09-22,3291.12,3275.67,-15.45,ml,1.0,0.0,-0.00470550406135,0.0
2016-09-23,3275.67,3220.28,-55.39,ml,1.0,0.0,-0.0170541160187,0.0
2016-09-26,3220.28,3240.75,20.47,ml,1.0,0.0,0.00633647220046,0.0
2016-09-27,3240.75,3230.89,-9.86,ml,1.0,0.0,-0.00304714342245,0.0
2016-09-28,3230.89,3244.39,13.5,ml,1.0,0.0,0.00416970989974,0.0
2016-09-29,3244.39,3253.28,8.89,ml,1.0,0.0,0.0027363672046,0.0
2016-09-30,3253.28,3293.87,40.59,ml,1.0,0.0,0.0123994471016,0.0
2016-10-10,3293.87,3306.56,12.69,ml,1.0,0.0,0.0038452087624,0.0
2016-10-11,3306.56,3300.01,-6.55,ml,1.0,0.0,-0.00198287527298,0.0
2016-10-12,3300.01,3302.65,2.64,ml,1.0,0.0,0.000799677748267,0.0
2016-10-13,3302.65,3305.85,3.2,ml,1.0,0.0,0.000968449799532,0.0
2016-10-14,3305.85,3277.88,-27.97,ml,1.0,0.0,-0.00849675435473,0.0
2016-10-17,3277.88,3321.33,43.45,ml,1.0,0.0,0.0131684331544,0.0
2016-10-18,3321.33,3316.24,-5.09,ml,1.0,0.0,-0.00153369410725,0.0
2016-10-19,3316.24,3318.6,2.36,mb,1.0,0.0,0.000711396235487,0.0
2016-10-20,3318.6,3327.74,9.14,mb,1.0,0.0,0.0027503876605,0.0
2016-10-21,3327.74,3367.58,39.84,mb,1.0,0.0,0.0119009906091,0.0
2016-10-24,3367.58,3367.45,-0.13,mb,1.0,0.0,-3.86041339137e-05,0.0
2016-10-25,3367.45,3354.8,-12.65,mb,1.0,0.0,-0.00376362525408,0.0
2016-10-26,3354.8,3345.7,-9.1,mb,1.0,0.0,-0.0027162168778,0.0
2016-10-27,3345.7,3340.13,-5.57,mb,1.0,0.0,-0.00166621086347,0.0
2016-10-28,3340.13,3336.28,-3.85,mb,1.0,0.0,-0.0011533145588,0.0
2016-10-31,3336.28,3359.05,22.77,mb,1.0,0.0,0.00680178207387,0.0
2016-11-01,3359.05,3333.35,-25.7,mb,1.0,0.0,-0.00768039158849,0.0
2016-11-02,3333.35,3365.09,31.74,mb,1.0,0.0,0.00947690433941,0.0
2016-11-03,3365.09,3354.17,-10.92,mb,1.0,0.0,-0.00325036078795,0.0
2016-11-04,3354.17,3356.59,2.42,mb,1.0,0.0,0.000721229817458,0.0
2016-11-07,3356.59,3371.12,14.53,mb,1.0,0.0,0.00431945568146,0.0
2016-11-08,3371.12,3353.05,-18.07,mb,1.0,0.0,-0.00537465397182,0.0
2016-11-09,3353.05,3390.61,37.56,mb,1.0,0.0,0.0111394668159,0.0
2016-11-10,3390.61,3417.22,26.61,mb,1.0,0.0,0.00781750881527,0.0
2016-11-11,3417.22,3430.25,13.03,mb,1.0,0.0,0.00380578979601,0.0
2016-11-14,3430.25,3429.87,-0.38,mb,1.0,0.0,-0.000110785234191,0.0
2016-11-15,3429.87,3429.59,-0.28,mb,1.0,0.0,-8.16390795064e-05,0.0
2016-11-16,3429.59,3436.53,6.94,mb,1.0,0.0,0.00202152084828,0.0
2016-11-17,3436.53,3417.46,-19.07,mb,1.0,0.0,-0.00556465626858,0.0
2016-11-18,3417.46,3441.11,23.65,mb,1.0,0.0,0.00689650867057,0.0
2016-11-21,3441.11,3468.36,27.25,mb,1.0,0.0,0.00788776600346,0.0
2016-11-22,3468.36,3474.73,6.37,mb,1.0,0.0,0.00183491839722,0.0
2016-11-23,3474.73,3488.74,14.01,mb,1.0,0.0,0.00402386135175,0.0
2016-11-24,3488.74,3521.3,32.56,mb,1.0,0.0,0.00928960010251,0.0
2016-11-25,3521.3,3535.08,13.78,mb,1.0,0.0,0.00390569031632,0.0
2016-11-28,3535.08,3564.04,28.96,mb,1.0,0.0,0.00815880296316,0.0
2016-11-29,3564.04,3538.0,-26.04,mb,1.0,0.0,-0.00733313715254,0.0
2016-11-30,3538.0,3565.04,27.04,mb,1.0,0.0,0.00761367826207,0.0
2016-12-01,3565.04,3528.95,-36.09,mb,1.0,0.0,-0.0101748977265,0.0
2016-12-02,3528.95,3469.41,-59.54,mb,1.0,0.0,-0.0170158255893,0.0
2016-12-05,3469.41,3459.15,-10.26,mb,1.0,0.0,-0.00296165653456,0.0
2016-12-06,3459.15,3475.75,16.6,mb,1.0,0.0,0.00478738891829,0.0
2016-12-07,3475.75,3470.14,-5.61,mb,1.0,0.0,-0.00161534410129,0.0
2016-12-08,3470.14,3493.7,23.56,mb,1.0,0.0,0.00676640758252,0.0
2016-12-09,3493.7,3409.18,-84.52,mb,1.0,0.0,-0.0244895533789,0.0
2016-12-12,3409.18,3405.04,-4.14,mb,1.0,0.0,-0.00121510620713,0.0
2016-12-13,3405.04,3378.95,-26.09,mb,1.0,0.0,-0.00769167661735,0.0
2016-12-14,3378.95,3340.43,-38.52,mb,1.0,0.0,-0.0114654691284,0.0
2016-12-15,3340.43,3346.03,5.6,mb,1.0,0.0,0.00167502723693,0.0
2016-12-16,3346.03,3328.98,-17.05,mb,1.0,0.0,-0.00510861768922,0.0
2016-12-19,3328.98,3309.06,-19.92,mb,1.0,0.0,-0.00600178962333,0.0
2016-12-20,3309.06,3338.54,29.48,mb,1.0,0.0,0.00886942453144,0.0
2016-12-21,3338.54,3335.67,-2.87,ml,1.0,0.0,-0.000860026932595,0.0
2016-12-22,3335.67,3307.6,-28.07,ml,1.0,0.0,-0.00845070787433,0.0
2016-12-23,3307.6,3322.4,14.8,ml,1.0,0.0,0.00446456246853,0.0
2016-12-26,3322.4,3316.39,-6.01,ml,1.0,0.0,-0.00181057139684,0.0
2016-12-27,3316.39,3301.89,-14.5,ml,1.0,0.0,-0.00438181013807,0.0
2016-12-28,3301.89,3297.76,-4.13,ml,1.0,0.0,-0.00125158168664,0.0
2016-12-29,3297.76,3310.08,12.32,ml,1.0,0.0,0.00372890816834,0.0
2016-12-30,3310.08,3342.23,32.15,ml,1.0,0.0,0.00966589058918,0.0
2017-01-03,3342.23,3368.31,26.08,ml,1.0,0.0,0.00777288602938,0.0
2017-01-04,3368.31,3367.79,-0.52,ml,1.0,0.0,-0.000154392007551,0.0
2017-01-05,3367.79,3347.67,-20.12,ml,1.0,0.0,-0.00599216143119,0.0
2017-01-06,3347.67,3363.9,16.23,ml,1.0,0.0,0.0048364336918,0.0
2017-01-09,3363.9,3358.27,-5.63,ml,1.0,0.0,-0.00167505472679,0.0
2017-01-10,3358.27,3334.5,-23.77,ml,1.0,0.0,-0.00710321733579,0.0
2017-01-11,3334.5,3317.62,-16.88,ml,1.0,0.0,-0.00507508470406,0.0
2017-01-12,3317.62,3319.91,2.29,ml,1.0,0.0,0.000690015741054,0.0
2017-01-13,3319.91,3319.45,-0.46,ml,1.0,0.0,-0.000138567573,0.0
2017-01-16,3319.45,3326.36,6.91,ml,1.0,0.0,0.00207950648306,0.0
2017-01-17,3326.36,3339.37,13.01,ml,1.0,0.0,0.00390355340532,0.0
2017-01-18,3339.37,3329.29,-10.08,mb,1.0,0.0,-0.00302309839664,0.0
2017-01-19,3329.29,3354.89,25.6,mb,1.0,0.0,0.00765991495493,0.0
2017-01-20,3354.89,3364.08,9.19,mb,1.0,0.0,0.00273554003988,0.0
2017-01-23,3364.08,3364.45,0.37,mb,1.0,0.0,0.000109979445844,0.0
2017-01-24,3364.45,3375.9,11.45,mb,1.0,0.0,0.00339745295531,0.0
2017-01-25,3375.9,3387.96,12.06,mb,1.0,0.0,0.00356601490275,0.0
2017-01-26,3387.96,3364.49,-23.47,mb,1.0,0.0,-0.00695157891269,0.0
2017-02-03,3364.49,3373.21,8.72,mb,1.0,0.0,0.00258842182603,0.0
2017-02-06,3373.21,3365.68,-7.53,mb,1.0,0.0,-0.00223479033904,0.0
2017-02-07,3365.68,3383.29,17.61,mb,1.0,0.0,0.00521858593692,0.0
2017-02-08,3383.29,3396.29,13.0,mb,1.0,0.0,0.00383505052916,0.0
2017-02-09,3396.29,3413.49,17.2,mb,1.0,0.0,0.0050515689424,0.0
2017-02-10,3413.49,3436.28,22.79,mb,1.0,0.0,0.00665426257919,0.0
2017-02-13,3436.28,3435.8,-0.48,mb,1.0,0.0,-0.000139695696436,0.0
2017-02-14,3435.8,3421.71,-14.09,mb,1.0,0.0,-0.00410936909404,0.0
2017-02-15,3421.71,3440.93,19.22,mb,1.0,0.0,0.00560135756869,0.0
2017-02-16,3440.93,3421.44,-19.49,mb,1.0,0.0,-0.00568026859655,0.0
2017-02-17,3421.44,3471.39,49.95,mb,1.0,0.0,0.01449357503,0.0
2017-02-20,3471.39,3482.82,11.43,mb,1.0,0.0,0.00328722034352,0.0
2017-02-21,3482.82,3489.76,6.94,mb,1.0,0.0,0.00199065547954,0.0
2017-02-22,3489.76,3473.32,-16.44,mb,1.0,0.0,-0.00472205706326,0.0
2017-02-23,3473.32,3473.85,0.53,mb,1.0,0.0,0.000152580115652,0.0
2017-02-24,3473.85,3446.22,-27.63,mb,1.0,0.0,-0.00798551079008,0.0
2017-02-27,3446.22,3452.81,6.59,mb,1.0,0.0,0.00191041407394,0.0
2017-02-28,3452.81,3458.44,5.63,mb,1.0,0.0,0.00162922806883,0.0
2017-03-01,3458.44,3435.1,-23.34,mb,1.0,0.0,-0.00677158301442,0.0
2017-03-02,3435.1,3427.86,-7.24,mb,1.0,0.0,-0.00210987757055,0.0
2017-03-03,3427.86,3446.48,18.62,mb,1.0,0.0,0.00541726057666,0.0
2017-03-06,3446.48,3453.96,7.48,mb,1.0,0.0,0.00216797854332,0.0
2017-03-07,3453.96,3448.73,-5.23,mb,1.0,0.0,-0.00151535155158,0.0
2017-03-08,3448.73,3426.94,-21.79,mb,1.0,0.0,-0.00633831261524,0.0
2017-03-09,3426.94,3427.89,0.95,mb,1.0,0.0,0.00027717682454,0.0
2017-03-10,3427.89,3458.1,30.21,mb,1.0,0.0,0.00877439375371,0.0
2017-03-13,3458.1,3456.69,-1.41,mb,1.0,0.0,-0.000407821501316,0.0
2017-03-14,3456.69,3463.64,6.95,mb,1.0,0.0,0.00200857541088,0.0
2017-03-15,3463.64,3481.51,17.87,mb,1.0,0.0,0.00514604851899,0.0
2017-03-16,3481.51,3445.81,-35.7,mb,1.0,0.0,-0.0103071075258,0.0
2017-03-17,3445.81,3449.61,3.8,mb,1.0,0.0,0.00110218097946,0.0
2017-03-20,3449.61,3466.35,16.74,mb,1.0,0.0,0.00484098597795,0.0
2017-03-21,3466.35,3450.05,-16.3,mb,1.0,0.0,-0.00471344346118,0.0
2017-03-22,3450.05,3461.98,11.93,mb,1.0,0.0,0.00345195603795,0.0
2017-03-23,3461.98,3489.6,27.62,mb,1.0,0.0,0.00794643673541,0.0
2017-03-24,3489.6,3478.04,-11.56,mb,1.0,0.0,-0.00331819973671,0.0
2017-03-27,3478.04,3469.81,-8.23,mb,1.0,0.0,-0.00236907931209,0.0
2017-03-28,3469.81,3465.19,-4.62,mb,1.0,0.0,-0.00133237222306,0.0
2017-03-29,3465.19,3436.76,-28.43,mb,1.0,0.0,-0.00823829810245,0.0
2017-03-30,3436.76,3456.05,19.29,mb,1.0,0.0,0.00559715133883,0.0
2017-03-31,3456.05,3503.89,47.84,mb,1.0,0.0,0.0137474614576,0.0
2017-04-05,3503.89,3514.05,10.16,mb,1.0,0.0,0.00289543857545,0.0
2017-04-06,3514.05,3517.46,3.41,mb,1.0,0.0,0.000969919766118,0.0
2017-04-07,3517.46,3505.14,-12.32,mb,1.0,0.0,-0.00350867560137,0.0
2017-04-10,3505.14,3517.33,12.19,mb,1.0,0.0,0.0034717164313,0.0
2017-04-11,3517.33,3509.44,-7.89,mb,1.0,0.0,-0.00224569846911,0.0
2017-04-12,3509.44,3514.57,5.13,mb,1.0,0.0,0.00146070433047,0.0
2017-04-13,3514.57,3486.5,-28.07,mb,1.0,0.0,-0.00801881724125,0.0
2017-04-14,3486.5,3479.94,-6.56,mb,1.0,0.0,-0.00188331542049,0.0
2017-04-17,3479.94,3462.74,-17.2,mb,1.0,0.0,-0.00495486906767,0.0
2017-04-18,3462.74,3445.88,-16.86,mb,1.0,0.0,-0.00488086867453,0.0
2017-04-19,3445.88,3461.55,15.67,mb,1.0,0.0,0.00453715112033,0.0
2017-04-20,3461.55,3466.79,5.24,mb,1.0,0.0,0.00151262813289,0.0
2017-04-21,3466.79,3431.26,-35.53,mb,1.0,0.0,-0.0103015531082,0.0
2017-04-24,3431.26,3440.97,9.71,mb,1.0,0.0,0.00282586772027,0.0
2017-04-25,3440.97,3445.18,4.21,mb,1.0,0.0,0.00122274435629,0.0
2017-04-26,3445.18,3446.72,1.54,mb,1.0,0.0,0.000446901442456,0.0
2017-04-27,3446.72,3439.75,-6.97,mb,1.0,0.0,-0.00202425985448,0.0
2017-04-28,3439.75,3426.58,-13.17,mb,1.0,0.0,-0.00383611511552,0.0
2017-05-02,3426.58,3413.13,-13.45,mb,1.0,0.0,-0.0039329203539,0.0
2017-05-03,3413.13,3404.39,-8.74,mb,1.0,0.0,-0.00256398361518,0.0
2017-05-04,3404.39,3382.55,-21.84,mb,1.0,0.0,-0.00643591232164,0.0
2017-05-05,3382.55,3358.81,-23.74,mb,1.0,0.0,-0.00704311834294,0.0
2017-05-08,3358.81,3352.53,-6.28,mb,1.0,0.0,-0.0018714598971,0.0
2017-05-09,3352.53,3337.7,-14.83,ml,1.0,0.0,-0.00443333765496,0.0
2017-05-10,3337.7,3356.65,18.95,ml,1.0,0.0,0.00566150578217,0.0
2017-05-11,3356.65,3385.38,28.73,ml,1.0,0.0,0.00852270722728,0.0
2017-05-12,3385.38,3399.19,13.81,ml,1.0,0.0,0.00407100791145,0.0
2017-05-15,3399.19,3428.65,29.46,ml,1.0,0.0,0.00862942975125,0.0
2017-05-16,3428.65,3409.97,-18.68,ml,1.0,0.0,-0.00546310409395,0.0
2017-05-17,3409.97,3398.11,-11.86,ml,1.0,0.0,-0.00348409889347,0.0
2017-05-18,3398.11,3403.85,5.74,ml,1.0,0.0,0.00168774922597,0.0
2017-05-19,3403.85,3411.24,7.39,ml,1.0,0.0,0.00216871762412,0.0
2017-05-22,3411.24,3424.19,12.95,ml,1.0,0.0,0.00378908583477,0.0
2017-05-23,3424.19,3424.17,-0.02,ml,1.0,0.0,-5.84081444316e-06,0.0
2017-05-24,3424.17,3485.66,61.49,ml,1.0,0.0,0.0177983027724,0.0
2017-05-25,3485.66,3480.43,-5.23,ml,1.0,0.0,-0.00150155998061,0.0
2017-05-26,3480.43,3492.88,12.45,mb,1.0,0.0,0.00357076143997,0.0
2017-05-31,3492.88,3497.74,4.86,mb,1.0,0.0,0.00139043483496,0.0
2017-06-01,3497.74,3486.51,-11.23,mb,1.0,0.0,-0.00321580976565,0.0
2017-06-02,3486.51,3468.75,-17.76,mb,1.0,0.0,-0.00510693736814,0.0
2017-06-05,3468.75,3492.88,24.13,mb,1.0,0.0,0.00693231229883,0.0
2017-06-06,3492.88,3533.87,40.99,mb,1.0,0.0,0.0116669768973,0.0
2017-06-07,3533.87,3560.98,27.11,mb,1.0,0.0,0.00764220017125,0.0
2017-06-08,3560.98,3576.17,15.19,mb,1.0,0.0,0.00425660745123,0.0
2017-06-09,3576.17,3574.39,-1.78,mb,1.0,0.0,-0.000497863114712,0.0
2017-06-12,3574.39,3582.27,7.88,mb,1.0,0.0,0.00220214546575,0.0
2017-06-13,3582.27,3535.3,-46.97,mb,1.0,0.0,-0.0131985163052,0.0
2017-06-14,3535.3,3528.79,-6.51,mb,1.0,0.0,-0.00184312539702,0.0
2017-06-15,3528.79,3518.76,-10.03,mb,1.0,0.0,-0.00284638115993,0.0
2017-06-16,3518.76,3553.67,34.91,mb,1.0,0.0,0.00987221747798,0.0
2017-06-19,3553.67,3546.49,-7.18,mb,1.0,0.0,-0.00202249032345,0.0
2017-06-20,3546.49,3587.95,41.46,mb,1.0,0.0,0.0116226267848,0.0
2017-06-21,3587.95,3590.34,2.39,mb,1.0,0.0,0.000665896777175,0.0
2017-06-22,3590.34,3622.88,32.54,mb,1.0,0.0,0.00902238410547,0.0
2017-06-23,3622.88,3668.09,45.21,mb,1.0,0.0,0.0124018009833,0.0
2017-06-26,3668.09,3674.72,6.63,mb,1.0,0.0,0.00180584866059,0.0
2017-06-27,3674.72,3646.17,-28.55,mb,1.0,0.0,-0.00779963767654,0.0
2017-06-28,3646.17,3668.83,22.66,mb,1.0,0.0,0.00619550853926,0.0
2017-06-29,3668.83,3666.8,-2.03,mb,1.0,0.0,-0.000553463043207,0.0
2017-06-30,3666.8,3650.85,-15.95,mb,1.0,0.0,-0.00435932991033,0.0
2017-07-03,3650.85,3619.98,-30.87,mb,1.0,0.0,-0.00849151623462,0.0
2017-07-04,3619.98,3659.68,39.7,mb,1.0,0.0,0.0109072109364,0.0
2017-07-05,3659.68,3660.1,0.42,mb,1.0,0.0,0.000114757547484,0.0
2017-07-06,3660.1,3655.93,-4.17,mb,1.0,0.0,-0.00113996264411,0.0
2017-07-07,3655.93,3653.69,-2.24,mb,1.0,0.0,-0.000612890976581,0.0
2017-07-10,3653.69,3670.81,17.12,mb,1.0,0.0,0.00467473033711,0.0
2017-07-11,3670.81,3658.82,-11.99,mb,1.0,0.0,-0.00327165510259,0.0
2017-07-12,3658.82,3686.92,28.1,mb,1.0,0.0,0.00765073010104,0.0
2017-07-13,3686.92,3703.09,16.17,mb,1.0,0.0,0.00437618509473,0.0
2017-07-14,3703.09,3663.56,-39.53,mb,1.0,0.0,-0.0107322539894,0.0
2017-07-17,3663.56,3667.18,3.62,mb,1.0,0.0,0.000987622066598,0.0
2017-07-18,3667.18,3729.75,62.57,mb,1.0,0.0,0.0169182329496,0.0
2017-07-19,3729.75,3747.88,18.13,mb,1.0,0.0,0.00484913950702,0.0
2017-07-20,3747.88,3728.6,-19.28,mb,1.0,0.0,-0.00515751870862,0.0
2017-07-21,3728.6,3743.47,14.87,mb,1.0,0.0,0.00398016068652,0.0
2017-07-24,3743.47,3719.56,-23.91,mb,1.0,0.0,-0.00640760704616,0.0
2017-07-25,3719.56,3705.39,-14.17,mb,1.0,0.0,-0.00381686535342,0.0
2017-07-26,3705.39,3712.19,6.8,mb,1.0,0.0,0.00183348259269,0.0
2017-07-27,3712.19,3721.89,9.7,mb,1.0,0.0,0.00260960482125,0.0
2017-07-28,3721.89,3737.87,15.98,mb,1.0,0.0,0.00428432669237,0.0
2017-07-31,3737.87,3770.38,32.51,mb,1.0,0.0,0.00865986166386,0.0
2017-08-01,3770.38,3760.85,-9.53,mb,1.0,0.0,-0.00253079645332,0.0
2017-08-02,3760.85,3727.83,-33.02,mb,1.0,0.0,-0.00881870075779,0.0
2017-08-03,3727.83,3707.58,-20.25,mb,1.0,0.0,-0.0054469222454,0.0
2017-08-04,3707.58,3726.79,19.21,mb,1.0,0.0,0.00516790064357,0.0
2017-08-07,3726.79,3732.21,5.42,mb,1.0,0.0,0.00145327817507,0.0
2017-08-08,3732.21,3731.04,-1.17,mb,1.0,0.0,-0.000313536330576,0.0
2017-08-09,3731.04,3715.92,-15.12,mb,1.0,0.0,-0.00406072297333,0.0
2017-08-10,3715.92,3647.35,-68.57,mb,1.0,0.0,-0.0186254156829,0.0
2017-08-11,3647.35,3694.68,47.33,mb,1.0,0.0,0.01289307062,0.0
2017-08-14,3694.68,3706.06,11.38,mb,1.0,0.0,0.00307537056274,0.0
2017-08-15,3706.06,3701.42,-4.64,mb,1.0,0.0,-0.00125278788653,0.0
2017-08-16,3701.42,3721.28,19.86,mb,1.0,0.0,0.00535116531474,0.0
2017-08-17,3721.28,3724.67,3.39,mb,1.0,0.0,0.000910562180575,0.0
2017-08-18,3724.67,3740.99,16.32,mb,1.0,0.0,0.00437202497726,0.0
2017-08-21,3740.99,3752.3,11.31,mb,1.0,0.0,0.00301870302326,0.0
2017-08-22,3752.3,3756.09,3.79,mb,1.0,0.0,0.00100953741665,0.0
2017-08-23,3756.09,3734.65,-21.44,mb,1.0,0.0,-0.00572441669238,0.0
2017-08-24,3734.65,3795.75,61.1,mb,1.0,0.0,0.0162279137523,0.0
2017-08-25,3795.75,3842.71,46.96,mb,1.0,0.0,0.0122958270764,0.0
2017-08-28,3842.71,3834.54,-8.17,mb,1.0,0.0,-0.00212836708044,0.0
2017-08-29,3834.54,3834.3,-0.24,mb,1.0,0.0,-6.25909524982e-05,0.0
2017-08-30,3834.3,3822.09,-12.21,mb,1.0,0.0,-0.00318949540212,0.0
2017-08-31,3822.09,3830.54,8.45,mb,1.0,0.0,0.00220839199967,0.0
2017-09-01,3830.54,3845.62,15.08,mb,1.0,0.0,0.0039290529118,0.0
2017-09-04,3845.62,3857.05,11.43,mb,1.0,0.0,0.00296780425216,0.0
2017-09-05,3857.05,3849.45,-7.6,mb,1.0,0.0,-0.00197236163337,0.0
2017-09-06,3849.45,3829.87,-19.58,mb,1.0,0.0,-0.00509942089404,0.0
2017-09-07,3829.87,3825.99,-3.88,mb,1.0,0.0,-0.00101360273887,0.0
2017-09-08,3825.99,3825.65,-0.34,mb,1.0,0.0,-8.88698371129e-05,0.0
2017-09-11,3825.65,3837.93,12.28,mb,1.0,0.0,0.00320477127144,0.0
2017-09-12,3837.93,3842.61,4.68,mb,1.0,0.0,0.00121866446349,0.0
2017-09-13,3842.61,3829.96,-12.65,mb,1.0,0.0,-0.00329746394291,0.0
2017-09-14,3829.96,3831.3,1.34,mb,1.0,0.0,0.000349811914402,0.0
2017-09-15,3831.3,3843.14,11.84,mb,1.0,0.0,0.00308556960346,0.0
2017-09-18,3843.14,3832.12,-11.02,mb,1.0,0.0,-0.00287156593326,0.0
2017-09-19,3832.12,3842.44,10.32,mb,1.0,0.0,0.00268940661622,0.0
2017-09-20,3842.44,3837.82,-4.62,mb,1.0,0.0,-0.0012030844157,0.0
2017-09-21,3837.82,3837.73,-0.0900000000001,mb,1.0,0.0,-2.34510881967e-05,0.0
2017-09-22,3837.73,3817.79,-19.94,mb,1.0,0.0,-0.00520932479903,0.0
2017-09-25,3817.79,3820.78,2.99,mb,1.0,0.0,0.000782869084845,0.0
2017-09-26,3820.78,3821.2,0.42,mb,1.0,0.0,0.000109919157188,0.0
2017-09-27,3821.2,3822.54,1.34,mb,1.0,0.0,0.000350613708401,0.0
2017-09-28,3822.54,3836.5,13.96,mb,1.0,0.0,0.00364536951347,0.0
2017-09-29,3836.5,3882.21,45.71,mb,1.0,0.0,0.011844086475,0.0
2017-10-09,3882.21,3889.86,7.65,mb,1.0,0.0,0.0019685881549,0.0
2017-10-10,3889.86,3902.69,12.83,mb,1.0,0.0,0.00329289169607,0.0
2017-10-11,3902.69,3912.95,10.26,mb,1.0,0.0,0.00262550626532,0.0
2017-10-12,3912.95,3921.0,8.05,mb,1.0,0.0,0.00205515808331,0.0
2017-10-13,3921.0,3913.45,-7.55,mb,1.0,0.0,-0.00192738541627,0.0
2017-10-16,3913.45,3913.07,-0.38,mb,1.0,0.0,-9.71057380031e-05,0.0
2017-10-17,3913.07,3944.16,31.09,mb,1.0,0.0,0.00791377171293,0.0
2017-10-18,3944.16,3931.25,-12.91,mb,1.0,0.0,-0.00327856240224,0.0
2017-10-19,3931.25,3926.85,-4.4,mb,1.0,0.0,-0.00111986369729,0.0
2017-10-20,3926.85,3930.8,3.95,mb,1.0,0.0,0.00100538973681,0.0
2017-10-23,3930.8,3959.4,28.6,mb,1.0,0.0,0.00724953112916,0.0
2017-10-24,3959.4,3976.95,17.55,mb,1.0,0.0,0.00442269522056,0.0
2017-10-25,3976.95,3993.58,16.63,mb,1.0,0.0,0.00417287787171,0.0
2017-10-26,3993.58,4021.97,28.39,mb,1.0,0.0,0.00708376061945,0.0
2017-10-27,4021.97,4009.72,-12.25,mb,1.0,0.0,-0.00305041890285,0.0
2017-10-30,4009.72,4006.72,-3.0,mb,1.0,0.0,-0.000748461945714,0.0
2017-10-31,4006.72,3996.62,-10.1,mb,1.0,0.0,-0.0025239475923,0.0
2017-11-01,3996.62,3997.13,0.51,mb,1.0,0.0,0.000127599687429,0.0
2017-11-02,3997.13,3992.7,-4.43,mb,1.0,0.0,-0.00110890981509,0.0
2017-11-03,3992.7,4020.89,28.19,mb,1.0,0.0,0.00703557738345,0.0
2017-11-06,4020.89,4054.25,33.36,mb,1.0,0.0,0.00826244245541,0.0
2017-11-07,4054.25,4048.01,-6.24,mb,1.0,0.0,-0.0015403112795,0.0
2017-11-08,4048.01,4075.9,27.89,mb,1.0,0.0,0.00686617886495,0.0
2017-11-09,4075.9,4111.91,36.01,mb,1.0,0.0,0.00879605955101,0.0
2017-11-10,4111.91,4128.07,16.16,mb,1.0,0.0,0.00392234464602,0.0
2017-11-13,4128.07,4099.35,-28.72,mb,1.0,0.0,-0.00698156084318,0.0
2017-11-14,4099.35,4073.67,-25.68,mb,1.0,0.0,-0.00628411150558,0.0
2017-11-15,4073.67,4105.01,31.34,mb,1.0,0.0,0.00766386590395,0.0
2017-11-16,4105.01,4120.85,15.84,mb,1.0,0.0,0.00385127380691,0.0
2017-11-17,4120.85,4143.83,22.98,mb,1.0,0.0,0.00556102818776,0.0
2017-11-20,4143.83,4217.7,73.87,mb,1.0,0.0,0.0176694748221,0.0
2017-11-21,4217.7,4227.57,9.87,mb,1.0,0.0,0.00233740413123,0.0
2017-11-22,4227.57,4102.4,-125.17,mb,1.0,0.0,-0.0300551915989,0.0
2017-11-23,4102.4,4104.2,1.8,mb,1.0,0.0,0.000438671320368,0.0
2017-11-24,4104.2,4049.95,-54.25,mb,1.0,0.0,-0.0133063042613,0.0
2017-11-27,4049.95,4055.82,5.87,mb,1.0,0.0,0.00144835124267,0.0
2017-11-28,4055.82,4053.75,-2.07,mb,1.0,0.0,-0.000510507966503,0.0
2017-11-29,4053.75,4006.1,-47.65,mb,1.0,0.0,-0.0118241791512,0.0
2017-11-30,4006.1,3998.14,-7.96,mb,1.0,0.0,-0.00198894651437,0.0
2017-12-01,3998.14,4018.86,20.72,mb,1.0,0.0,0.00516902735051,0.0
2017-12-04,4018.86,4040.17,21.31,mb,1.0,0.0,0.0052884899713,0.0
2017-12-05,4040.17,4015.82,-24.35,mb,1.0,0.0,-0.00604520962786,0.0
2017-12-06,4015.82,3971.06,-44.76,mb,1.0,0.0,-0.0112084990887,0.0
2017-12-07,3971.06,4003.38,32.32,mb,1.0,0.0,0.00810594272922,0.0
2017-12-08,4003.38,4069.5,66.12,mb,1.0,0.0,0.0163811374766,0.0
2017-12-11,4069.5,4016.02,-53.48,mb,1.0,0.0,-0.0132287793283,0.0
2017-12-12,4016.02,4050.09,34.07,ml,1.0,0.0,0.00844774063705,0.0
2017-12-13,4050.09,4026.15,-23.94,ml,1.0,0.0,-0.00592851874607,0.0
2017-12-14,4026.15,3980.86,-45.29,ml,1.0,0.0,-0.0113127079913,0.0
2017-12-15,3980.86,3985.29,4.43,ml,1.0,0.0,0.00111220613638,0.0
2017-12-18,3985.29,4035.33,50.04,ml,1.0,0.0,0.0124780002716,0.0
2017-12-19,4035.33,4030.49,-4.84,ml,1.0,0.0,-0.00120012610768,0.0
2017-12-20,4030.49,4067.85,37.36,ml,1.0,0.0,0.00922664769345,0.0
2017-12-21,4067.85,4054.6,-13.25,ml,1.0,0.0,-0.00326256529818,0.0
2017-12-22,4054.6,4041.54,-13.06,ml,1.0,0.0,-0.00322623159382,0.0
2017-12-25,4041.54,4053.62,12.08,ml,1.0,0.0,0.00298450159518,0.0
2017-12-26,4053.62,3991.21,-62.41,ml,1.0,0.0,-0.0155158659796,0.0
2017-12-27,3991.21,4018.9,27.69,ml,1.0,0.0,0.00691379027243,0.0
2017-12-28,4018.9,4030.85,11.95,mb,1.0,0.0,0.00296903848653,0.0
2017-12-29,4030.85,4087.4,56.55,mb,1.0,0.0,0.0139317992597,0.0
2018-01-02,4087.4,4111.39,23.99,mb,1.0,0.0,0.00585209975266,0.0
2018-01-03,4111.39,4128.81,17.42,mb,1.0,0.0,0.00422805901572,0.0
2018-01-04,4128.81,4138.75,9.94,mb,1.0,0.0,0.00240458001863,0.0
2018-01-05,4138.75,4160.16,21.41,mb,1.0,0.0,0.00515972519269,0.0
2018-01-08,4160.16,4189.3,29.14,mb,1.0,0.0,0.00698012046608,0.0
2018-01-09,4189.3,4207.81,18.51,mb,1.0,0.0,0.00440866678668,0.0
2018-01-10,4207.81,4205.59,-2.22,mb,1.0,0.0,-0.000527729586498,0.0
2018-01-11,4205.59,4225.0,19.41,mb,1.0,0.0,0.00460466807087,0.0
2018-01-12,4225.0,4225.24,0.24,mb,1.0,0.0,5.68031203999e-05,0.0
2018-01-15,4225.24,4258.47,33.23,mb,1.0,0.0,0.00783387691059,0.0
2018-01-16,4258.47,4248.12,-10.35,mb,1.0,0.0,-0.0024334087119,0.0
2018-01-17,4248.12,4271.42,23.3,mb,1.0,0.0,0.00546979252213,0.0
2018-01-18,4271.42,4285.4,13.98,mb,1.0,0.0,0.00326757193414,0.0
2018-01-19,4285.4,4336.6,51.2,mb,1.0,0.0,0.0118767343635,0.0
2018-01-22,4336.6,4382.61,46.01,mb,1.0,0.0,0.0105538063791,0.0
2018-01-23,4382.61,4389.89,7.28,mb,1.0,0.0,0.00165973249842,0.0
2018-01-24,4389.89,4365.08,-24.81,mb,1.0,0.0,-0.00566765309597,0.0
2018-01-25,4365.08,4381.3,16.22,mb,1.0,0.0,0.00370896727426,0.0
2018-01-26,4381.3,4302.02,-79.28,mb,1.0,0.0,-0.0182608041686,0.0
2018-01-29,4302.02,4256.1,-45.92,mb,1.0,0.0,-0.0107314318313,0.0
2018-01-30,4256.1,4275.9,19.8,mb,1.0,0.0,0.00464135854305,0.0
2018-01-31,4275.9,4245.9,-30.0,mb,1.0,0.0,-0.00704079512119,0.0
2018-02-01,4245.9,4271.23,25.33,mb,1.0,0.0,0.00594803054063,0.0
2018-02-02,4271.23,4274.15,2.92,mb,1.0,0.0,0.000683410243582,0.0
2018-02-05,4274.15,4148.89,-125.26,mb,1.0,0.0,-0.0297444236233,0.0
2018-02-06,4148.89,4050.5,-98.39,mb,1.0,0.0,-0.0240004982982,0.0
2018-02-07,4050.5,4012.05,-38.45,ml,1.0,0.0,-0.00953799765421,0.0
2018-02-08,4012.05,3840.65,-171.4,ml,1.0,0.0,-0.0436607095259,0.0
2018-02-09,3840.65,3890.1,49.45,ml,1.0,0.0,0.0127932411325,0.0
2018-02-12,3890.1,3935.63,45.53,ml,1.0,0.0,0.0116361064655,0.0
2018-02-13,3935.63,3966.96,31.33,ml,1.0,0.0,0.00792908758876,0.0
2018-02-14,3966.96,4052.73,85.77,ml,1.0,0.0,0.0213906698116,0.0
2018-02-22,4052.73,4071.09,18.36,ml,1.0,0.0,0.00452004876011,0.0
2018-02-23,4071.09,4118.42,47.33,ml,1.0,0.0,0.011558817796,0.0
2018-02-26,4118.42,4058.98,-59.44,ml,1.0,0.0,-0.0145378841401,0.0
2018-02-27,4058.98,4023.64,-35.34,ml,1.0,0.0,-0.00874474494793,0.0
2018-02-28,4023.64,4049.09,25.45,ml,1.0,0.0,0.00630519893885,0.0
2018-03-01,4049.09,4016.46,-32.63,ml,1.0,0.0,-0.00809124685086,0.0
2018-03-02,4016.46,4018.1,1.64,ml,1.0,0.0,0.000408236424341,0.0
2018-03-05,4018.1,4066.56,48.46,ml,1.0,0.0,0.0119882791319,0.0
2018-03-06,4066.56,4036.65,-29.91,ml,1.0,0.0,-0.00738229314969,0.0
2018-03-07,4036.65,4077.6,40.95,ml,1.0,0.0,0.0100934399745,0.0
2018-03-08,4077.6,4108.87,31.27,ml,1.0,0.0,0.007639471489,0.0
2018-03-09,4108.87,4127.67,18.8,ml,1.0,0.0,0.00456503159059,0.0
2018-03-12,4127.67,4091.25,-36.42,ml,1.0,0.0,-0.00886253629002,0.0
2018-03-13,4091.25,4073.34,-17.91,ml,1.0,0.0,-0.00438724509804,0.0
2018-03-14,4073.34,4096.16,22.82,ml,1.0,0.0,0.00558664773908,0.0
2018-03-15,4096.16,4056.42,-39.74,ml,1.0,0.0,-0.00974913825051,0.0
2018-03-16,4056.42,4074.25,17.83,mb,1.0,0.0,0.00438586945018,0.0
2018-03-19,4074.25,4077.7,3.45,mb,1.0,0.0,0.000846423298959,0.0
2018-03-20,4077.7,4061.05,-16.65,mb,1.0,0.0,-0.00409154310619,0.0
2018-03-21,4061.05,4020.35,-40.7,mb,1.0,0.0,-0.0100725973491,0.0
2018-03-22,4020.35,3904.94,-115.41,mb,1.0,0.0,-0.0291265452608,0.0
2018-03-23,3904.94,3879.89,-25.05,ml,1.0,0.0,-0.006435615539,0.0
2018-03-26,3879.89,3913.27,33.38,ml,1.0,0.0,0.00856653889667,0.0
2018-03-27,3913.27,3842.72,-70.55,ml,1.0,0.0,-0.0181928924312,0.0
2018-03-28,3842.72,3894.05,51.33,ml,1.0,0.0,0.0132692979513,0.0
2018-03-29,3894.05,3898.5,4.45,ml,1.0,0.0,0.00114211663287,0.0
2018-03-30,3898.5,3886.92,-11.58,ml,1.0,0.0,-0.0029747935345,0.0
2018-04-02,3886.92,3862.48,-24.44,ml,1.0,0.0,-0.00630760601609,0.0
2018-04-03,3862.48,3854.86,-7.62,ml,1.0,0.0,-0.00197477433321,0.0
2018-04-04,3854.86,3852.93,-1.93,ml,1.0,0.0,-0.000500792066296,0.0
2018-04-09,3852.93,3927.17,74.24,ml,1.0,0.0,0.0190851668848,0.0
2018-04-10,3927.17,3938.34,11.17,ml,1.0,0.0,0.00284025003059,0.0
2018-04-11,3938.34,3898.64,-39.7,ml,1.0,0.0,-0.0101315403621,0.0
2018-04-12,3898.64,3871.14,-27.5,ml,1.0,0.0,-0.00707873706384,0.0
2018-04-13,3871.14,3808.86,-62.28,ml,1.0,0.0,-0.0162191055396,0.0
2018-04-16,3808.86,3748.64,-60.22,ml,1.0,0.0,-0.015936824231,0.0
2018-04-17,3748.64,3766.28,17.64,ml,1.0,0.0,0.00469466937736,0.0
2018-04-18,3766.28,3811.84,45.56,ml,1.0,0.0,0.0120242352798,0.0
2018-04-19,3811.84,3760.85,-50.99,ml,1.0,0.0,-0.0134670165103,0.0
2018-04-20,3760.85,3766.33,5.48,ml,1.0,0.0,0.00145605684152,0.0
2018-04-23,3766.33,3843.49,77.16,ml,1.0,0.0,0.0202797554839,0.0
2018-04-24,3843.49,3828.7,-14.79,ml,1.0,0.0,-0.00385548802124,0.0
2018-04-25,3828.7,3755.49,-73.21,ml,1.0,0.0,-0.0193065506081,0.0
2018-04-26,3755.49,3756.88,1.39,ml,1.0,0.0,0.000370056324665,0.0
2018-04-27,3756.88,3763.65,6.77,ml,1.0,0.0,0.00180040551097,0.0
2018-05-02,3763.65,3793.0,29.35,ml,1.0,0.0,0.00776803149202,0.0
2018-05-03,3793.0,3774.6,-18.4,ml,1.0,0.0,-0.00486284588486,0.0
2018-05-04,3774.6,3834.19,59.59,ml,1.0,0.0,0.0156637831725,0.0
2018-05-07,3834.19,3878.68,44.49,ml,1.0,0.0,0.0115366895719,0.0
2018-05-08,3878.68,3871.62,-7.06,ml,1.0,0.0,-0.00182186546399,0.0
2018-05-09,3871.62,3893.06,21.44,ml,1.0,0.0,0.00552245668563,0.0
2018-05-10,3893.06,3872.84,-20.22,ml,1.0,0.0,-0.00520739275345,0.0
2018-05-11,3872.84,3909.29,36.45,ml,1.0,0.0,0.0093676837963,0.0
2018-05-14,3909.29,3924.1,14.81,ml,1.0,0.0,0.00378125374735,0.0
2018-05-15,3924.1,3892.84,-31.26,ml,1.0,0.0,-0.00799805720368,0.0
2018-05-16,3892.84,3864.05,-28.79,mb,1.0,0.0,-0.00742311214938,0.0
2018-05-17,3864.05,3903.06,39.01,mb,1.0,0.0,0.0100450046453,0.0
2018-05-18,3903.06,3921.24,18.18,mb,1.0,0.0,0.00464706944182,0.0
2018-05-21,3921.24,3906.21,-15.03,mb,1.0,0.0,-0.00384033586215,0.0
2018-05-22,3906.21,3854.58,-51.63,mb,1.0,0.0,-0.0133055427866,0.0
2018-05-23,3854.58,3827.22,-27.36,mb,1.0,0.0,-0.00712336059056,0.0
2018-05-24,3827.22,3816.5,-10.72,mb,1.0,0.0,-0.00280491881659,0.0
2018-05-25,3816.5,3833.26,16.76,mb,1.0,0.0,0.00438184382694,0.0
2018-05-28,3833.26,3804.01,-29.25,mb,1.0,0.0,-0.00765984259186,0.0
2018-05-29,3804.01,3723.37,-80.64,mb,1.0,0.0,-0.0214266013203,0.0
2018-05-30,3723.37,3802.38,79.01,mb,1.0,0.0,0.0209980142968,0.0
2018-05-31,3802.38,3770.59,-31.79,mb,1.0,0.0,-0.00839569857892,0.0
2018-06-01,3770.59,3807.58,36.99,mb,1.0,0.0,0.00976232883961,0.0
2018-06-04,3807.58,3845.32,37.74,mb,1.0,0.0,0.00986300773346,0.0
2018-06-05,3845.32,3837.35,-7.97,mb,1.0,0.0,-0.00207480026061,0.0
2018-06-06,3837.35,3831.01,-6.34,mb,1.0,0.0,-0.00165354820185,0.0
2018-06-07,3831.01,3779.62,-51.39,mb,1.0,0.0,-0.013505000522,0.0
2018-06-08,3779.62,3779.98,0.36,ml,1.0,0.0,9.52431346295e-05,0.0
2018-06-11,3779.98,3825.95,45.97,ml,1.0,0.0,0.0120880838416,0.0
2018-06-12,3825.95,3788.34,-37.61,ml,1.0,0.0,-0.00987887403016,0.0
2018-06-13,3788.34,3773.37,-14.97,ml,1.0,0.0,-0.00395942704947,0.0
2018-06-14,3773.37,3753.43,-19.94,ml,1.0,0.0,-0.00529841277787,0.0
2018-06-15,3753.43,3621.12,-132.31,ml,1.0,0.0,-0.0358867183454,0.0
2018-06-19,3621.12,3635.44,14.32,ml,1.0,0.0,0.00394677880115,0.0
2018-06-20,3635.44,3592.97,-42.47,ml,1.0,0.0,-0.0117509905242,0.0
2018-06-21,3592.97,3608.9,15.93,ml,1.0,0.0,0.00442385824233,0.0
2018-06-22,3608.9,3560.48,-48.42,ml,1.0,0.0,-0.0135076495346,0.0
2018-06-25,3560.48,3531.11,-29.37,ml,1.0,0.0,-0.00828309812668,0.0
2018-06-26,3531.11,3459.26,-71.85,ml,1.0,0.0,-0.0205575757458,0.0
2018-06-27,3459.26,3423.53,-35.73,ml,1.0,0.0,-0.0103825108607,0.0
2018-06-28,3423.53,3510.98,87.45,ml,1.0,0.0,0.0252230182848,0.0
2018-06-29,3510.98,3407.96,-103.02,ml,1.0,0.0,-0.0297813289783,0.0
2018-07-02,3407.96,3409.28,1.32,ml,1.0,0.0,0.000387253497455,0.0
2018-07-03,3409.28,3363.75,-45.53,ml,1.0,0.0,-0.0134447022475,0.0
2018-07-04,3363.75,3342.44,-21.31,ml,1.0,0.0,-0.00635534386188,0.0
2018-07-05,3342.44,3365.12,22.68,ml,1.0,0.0,0.00676254448218,0.0
2018-07-06,3365.12,3459.18,94.06,ml,1.0,0.0,0.0275679430831,0.0
2018-07-09,3459.18,3467.52,8.34,ml,1.0,0.0,0.00240807427207,0.0
2018-07-10,3467.52,3407.53,-59.99,ml,1.0,0.0,-0.0174519523761,0.0
2018-07-11,3407.53,3481.06,73.53,ml,1.0,0.0,0.0213491564487,0.0
2018-07-12,3481.06,3492.69,11.63,ml,1.0,0.0,0.00333536785278,0.0
2018-07-13,3492.69,3472.09,-20.6,ml,1.0,0.0,-0.00591549483872,0.0
2018-07-16,3472.09,3449.38,-22.71,ml,1.0,0.0,-0.00656221337259,0.0
2018-07-17,3449.38,3431.32,-18.06,ml,1.0,0.0,-0.00524947795233,0.0
2018-07-18,3431.32,3428.34,-2.98,ml,1.0,0.0,-0.000868847781804,0.0
2018-07-19,3428.34,3492.89,64.55,ml,1.0,0.0,0.0186532947599,0.0
2018-07-20,3492.89,3525.75,32.86,ml,1.0,0.0,0.00936370581592,0.0
2018-07-23,3525.75,3581.71,55.96,ml,1.0,0.0,0.0157471604135,0.0
2018-07-24,3581.71,3577.75,-3.96,ml,1.0,0.0,-0.00110622879486,0.0
2018-07-25,3577.75,3536.25,-41.5,mb,1.0,0.0,-0.0116672675752,0.0
2018-07-26,3536.25,3521.23,-15.02,mb,1.0,0.0,-0.00425648324253,0.0
2018-07-27,3521.23,3515.08,-6.15,mb,1.0,0.0,-0.00174807578577,0.0
2018-07-30,3515.08,3517.66,2.58,mb,1.0,0.0,0.000733711218029,0.0
2018-07-31,3517.66,3447.39,-70.27,mb,1.0,0.0,-0.0201785728262,0.0
2018-08-01,3447.39,3370.96,-76.43,mb,1.0,0.0,-0.0224198527308,0.0
2018-08-02,3370.96,3315.28,-55.68,mb,1.0,0.0,-0.0166554856404,0.0
2018-08-03,3315.28,3273.27,-42.01,mb,1.0,0.0,-0.0127525993837,0.0
2018-08-06,3273.27,3368.87,95.6,ml,1.0,0.0,0.0287878913198,0.0
2018-08-07,3368.87,3314.51,-54.36,ml,1.0,0.0,-0.016267576821,0.0
2018-08-08,3314.51,3397.53,83.02,ml,1.0,0.0,0.0247388972852,0.0
2018-08-09,3397.53,3405.02,7.49,ml,1.0,0.0,0.0022021162731,0.0
2018-08-10,3405.02,3390.34,-14.68,ml,1.0,0.0,-0.00432060195095,0.0
2018-08-13,3390.34,3372.91,-17.43,ml,1.0,0.0,-0.00515433810338,0.0
2018-08-14,3372.91,3291.98,-80.93,ml,1.0,0.0,-0.0242866657828,0.0
2018-08-15,3291.98,3276.73,-15.25,ml,1.0,0.0,-0.00464323357209,0.0
2018-08-16,3276.73,3229.62,-47.11,ml,1.0,0.0,-0.0144814906353,0.0
2018-08-17,3229.62,3267.25,37.63,ml,1.0,0.0,0.0115841692402,0.0
2018-08-20,3267.25,3326.65,59.4,ml,1.0,0.0,0.0180171391277,0.0
2018-08-21,3326.65,3307.95,-18.7,ml,1.0,0.0,-0.00563712944849,0.0
2018-08-22,3307.95,3320.03,12.08,ml,1.0,0.0,0.00364515685797,0.0
2018-08-23,3320.03,3325.33,5.3,ml,1.0,0.0,0.0015950982712,0.0
2018-08-24,3325.33,3406.57,81.24,ml,1.0,0.0,0.0241370026676,0.0
2018-08-27,3406.57,3400.17,-6.4,ml,1.0,0.0,-0.00188048959884,0.0
2018-08-28,3400.17,3386.57,-13.6,ml,1.0,0.0,-0.00400782060439,0.0
2018-08-29,3386.57,3351.09,-35.48,ml,1.0,0.0,-0.0105319437188,0.0
2018-08-30,3351.09,3334.5,-16.59,ml,1.0,0.0,-0.00496292295872,0.0
2018-08-31,3334.5,0.0,0.0,ml,1.0,0.0,0.0,0.0
